{
  "best_global_step": null,
  "best_metric": null,
  "best_model_checkpoint": null,
  "epoch": 1.0,
  "eval_steps": 500,
  "global_step": 47,
  "is_hyper_param_search": false,
  "is_local_process_zero": true,
  "is_world_process_zero": true,
  "log_history": [
    {
      "epoch": 0.2127659574468085,
      "grad_norm": 0.3928419053554535,
      "learning_rate": 0.0009361702127659575,
      "loss": 0.5512,
      "step": 10
    },
    {
      "epoch": 0.425531914893617,
      "grad_norm": 0.3711315095424652,
      "learning_rate": 0.0008652482269503547,
      "loss": 0.2328,
      "step": 20
    },
    {
      "epoch": 0.6382978723404256,
      "grad_norm": 0.3110954761505127,
      "learning_rate": 0.0007943262411347519,
      "loss": 0.189,
      "step": 30
    },
    {
      "epoch": 0.851063829787234,
      "grad_norm": 0.34088361263275146,
      "learning_rate": 0.000723404255319149,
      "loss": 0.1893,
      "step": 40
    }
  ],
  "logging_steps": 10,
  "max_steps": 141,
  "num_input_tokens_seen": 0,
  "num_train_epochs": 3,
  "save_steps": 500,
  "stateful_callbacks": {
    "TrainerControl": {
      "args": {
        "should_epoch_stop": false,
        "should_evaluate": false,
        "should_log": false,
        "should_save": true,
        "should_training_stop": false
      },
      "attributes": {}
    }
  },
  "total_flos": 184741730058240.0,
  "train_batch_size": 16,
  "trial_name": null,
  "trial_params": null
}
